﻿<?xml version="1.0"?>
<doc>
<assembly>
<name>
DataEntryApp
</name>
</assembly>
<members>
<member name="T:DataEntryApp.My.Resources.Resources">
<summary>
  A strongly-typed resource class, for looking up localized strings, etc.
</summary>
</member>
<member name="P:DataEntryApp.My.Resources.Resources.ResourceManager">
<summary>
  Returns the cached ResourceManager instance used by this class.
</summary>
</member>
<member name="P:DataEntryApp.My.Resources.Resources.Culture">
<summary>
  Overrides the current thread's CurrentUICulture property for all
  resource lookups using this strongly typed resource class.
</summary>
</member>
<member name="M:DataEntryApp.BuildOrderItemsClass.MakeOrderItemsTable">
 <remarks></remarks>
</member>
<member name="M:DataEntryApp.BuildTableClass.MakeDeliveryNoteTable">
 <summary>
 initialise data table for Delivery Note
 </summary>
 <returns>Dataset with the structure of delivery note items details </returns>
 <remarks></remarks>
</member>
<member name="M:DataEntryApp.BuildTableClass.MakeOrderItemsTable">
 <summary>
 initialise data table for Order item 
 </summary>
 <returns>Dataset with the structure of order items </returns>
 <remarks></remarks>
</member>
<member name="M:DataEntryApp.ConnectionModule.refreshConnectionStruct">
 <summary>
 this procedure will get the connection-string details and update the connection structure
 </summary>
 <remarks></remarks>
</member>
<member name="M:DataEntryApp.ConnectionModule.getSettingValue(System.String,System.String)">
 <summary>
 Gets the value of the key from setting file.
 </summary>
 <param name="settingName"></param>
 <returns></returns>
 <remarks></remarks>
</member>
<member name="M:DataEntryApp.ConnectionModule.getConnectionString">
 <summary>  
<para>Returns the SQL connection string.
</para>
 </summary>  
 <exception cref="T:System.Exception">Throws an exception when something goes wrong.</exception> 
</member>
<member name="M:DataEntryApp.ConnectionModule.checkConnection">
 <summary>  
<para> Checks the connection object is valid, if not, re-intialises the connection object to open.
</para>
 </summary>  
 <remarks>some remarks</remarks>
 <exception cref="T:System.Exception">Throws an exception when something goes wrong.</exception> 
</member>
<member name="M:DataEntryApp.ConnectionModule.CloseConnection">
 <summary>  
<para>Closes the connection.
</para>
 </summary>  
 <exception cref="T:System.Exception">Throws an exception when something goes wrong.</exception> 
</member>
<member name="M:DataEntryApp.ConnectionModule.getDataReader(System.String)">
 <summary>
 Executes SQL statements and returns SQLDataReader
 </summary>
 <param name="sqlstr">SELECT statements</param>
 <returns></returns>
 <remarks></remarks>
</member>
<member name="M:DataEntryApp.ConnectionModule.getTableDataSet(System.String,System.String)">
 <summary>
 Returns a DataSet after executing the SELECT query
 </summary>
 <param name="queryString">Select query</param>
 <param name="srcTableName">DataSet table name</param>
 <returns></returns>
 <remarks></remarks>
</member>
<member name="M:DataEntryApp.ConnectionModule.ExecuteNonData(System.String)">
 <summary>
 Executes INSERT , UPDATE , DELETE query and returns number of ROWS affected.
 </summary>
 <param name="sqlstr">SQL statement to be executed ( insert / update / delete ) </param>
 <returns>Returns the number of rows affected.</returns>
 <remarks></remarks>
</member>
<member name="M:DataEntryApp.ConnectionModule.getNextID(System.String,System.String)">
 <summary>  
<para> Gets the next ID. ( used for insert new records)
</para>
 </summary>  
 <param name="tableName">Table name - next id .</param>  
 <param name="columnName">Column name to get the next ID </param>
 <exception cref="T:System.Exception">Throws an exception when something goes wrong.</exception> 
</member>
<member name="M:DataEntryApp.ConnectionModule.getNextIDandUpdate">
 <summary>  
<para> Gets the next ID. ( used for insert new records)
</para>
 </summary> 
 <exception cref="T:System.Exception">Throws an exception when something goes wrong.</exception> 
</member>
<member name="M:DataEntryApp.MailModule1.MailMessage(System.String,System.String,System.String)">
 <summary>
 use email using the local email server. It does require authentication. Authentication credentials are entered in the application settings file.
 </summary>
 <param name="MessageBody">Body of the email message. It may contains HTML code.</param>
 <param name="toAddress">If blank, it would send email to gregory@amranest.com</param>
 <remarks></remarks>
</member>
<member name="M:DataEntryApp.MailModule1.MailMessage(System.String,System.Net.Mail.MailAddressCollection,System.String)">
 <summary>
 
 </summary>
 <param name="email">MailMessage object ( member of System.Net.Mail)</param>
 <remarks></remarks>
</member>
<member name="M:DataEntryApp.ModuleRoutines.ShowMsgBox(System.Object,Microsoft.VisualBasic.MsgBoxStyle)">
 <summary>  
<para>Display message box with the application title
</para>
 </summary>  
 <param name="Prompt">Message to be displayed.</param>  
 <param name="Buttons">Type of buttons on the message box.</param>  
 <returns>returns the selected button</returns>  
 <exception cref="T:System.Exception">Throws an exception when something goes wrong.</exception> 
</member>
<member name="M:DataEntryApp.ModuleRoutines.CanEdit(System.String)">
 <summary>
 Allow edit
 </summary>
 <param name="checkDate"></param>
 <returns></returns>
 <remarks></remarks>
</member>
<member name="M:DataEntryApp.ModuleRoutines.getTimeValueInDatePicker(System.String)">
 <summary>
 return the date with the updated system time.
 </summary>
 <param name="datetimeValue"></param>
 <returns></returns>
 <remarks></remarks>
</member>
<member name="M:DataEntryApp.ModuleRoutines.getSQLDateFormat(System.String)">
 <summary>  
<para>Returns the date in a dd-MMM-yyyy format.
</para>
 </summary>  
 <param name="date1">Accepts the date that is to be formated to dd-MMM-yyyy.</param>  
 <exception cref="T:System.Exception">Throws an exception when something goes wrong.</exception> 
</member>
<member name="M:DataEntryApp.ModuleRoutines.parseToSQL(System.String)">
 <summary>  
<para>Subsides the illegal characters for insert/update sql-statements. 
</para>
 </summary>  
 <param name="columnValue">Values to check.</param>  
 <exception cref="T:System.Exception">Throws an exception when something goes wrong.</exception> 
</member>
<member name="M:DataEntryApp.ModuleRoutines.GridViewItemReset(System.Windows.Forms.DataGridView@,System.String[],System.String[],System.String,System.String,System.String,System.Boolean,System.String,System.String,System.String,System.Boolean)">
 <summary>
 Initialize the gridview list
 </summary>
 <param name="gv">targeted gridview on the form</param>
 <param name="columnNamesArr">Column Names list</param>
 <param name="columnWidthArr">Width for the columns</param>
 <param name="columnReadonly">Columns that should be readonly, Input: (,columnNumber,) For e.g. ,2,4, </param>
 <param name="itemSelectColumnNos">Columns that should be having a drop down  Input: (,columnNumber,) For e.g. ,2,4, </param>
 <param name="CalenderColumnNos">Colums that should be having calendar control  Input: (,columnNumber,) For e.g. ,2,4, </param>
 <remarks></remarks>
</member>
<member name="M:DataEntryApp.ModuleRoutines.ShowChildForm(System.Windows.Forms.Form@,System.String,System.Drawing.Color,System.Int32)">
 <summary>
 Load form with the default settings
 </summary>
 <param name="frm">Form</param>
 <param name="frmTitle">Title</param>
 <remarks></remarks>
</member>
<member name="M:DataEntryApp.ModuleRoutines.ShowChildDailogForm(System.Windows.Forms.Form@,System.String,System.Drawing.Color,System.Int32)">
 <summary>
 
 </summary>
 <param name="frm"></param>
 <param name="frmTitle"></param>
 <param name="frmBackcolor"></param>
 <param name="AccessAreaID"></param>
 <remarks></remarks>
</member>
<member name="M:DataEntryApp.ModuleRoutines.getApplicationTitle">
 <summary>  
<para>Returns application title as mentioned in the setting file, if not, it will return the hard coded application title.
</para>
 </summary>  
 <exception cref="T:System.Exception">Throws an exception when something goes wrong.</exception> 
</member>
<member name="M:DataEntryApp.ModuleRoutines.UpdateSRNO(System.String,System.Windows.Forms.DataGridView@)">
 <summary>
 Updates the SrNo Values in the HeaderCell of Each Row.
 </summary>
 <param name="srnoColumn"></param>
 <param name="gvGridRef"></param>
 <remarks></remarks>
</member>
<member name="M:DataEntryApp.ModuleRoutines.AnimatedClose(System.Windows.Forms.Form)">
 <summary>
 Closes the form animatedly
 </summary>
 <param name="frmClose"></param>
 <remarks></remarks>
</member>
<member name="M:DataEntryApp.ModuleRoutines.ValidatePassword(System.String,System.Int32,System.Int32,System.Int32,System.Int32,System.Int32)">
 <summary>Determines if a password is sufficiently complex.</summary>
 <param name="pwd">Password to validate</param>
 <param name="minLength">Minimum number of password characters.</param>
 <param name="numUpper">Minimum number of uppercase characters.</param>
 <param name="numLower">Minimum number of lowercase characters.</param>
 <param name="numNumbers">Minimum number of numeric characters.</param>
 <param name="numSpecial">Minimum number of special characters.</param>
 <returns>True if the password is sufficiently complex.</returns>
</member>
<member name="M:DataEntryApp.ModuleRoutines.CheckIfCanImportTestData">
 <summary>
 I DONT KNOW WHAT THIS FOR
 </summary>
 <returns></returns>
 <remarks></remarks>
</member>
<member name="M:DataEntryApp.Main1.ApplicationClose">
 <summary>
 Closes the inventory application
 </summary>
 <remarks></remarks>
</member>
</members>
</doc>
